<?xml version="1.0" encoding="UTF-8"?>
<project-private xmlns="http://www.netbeans.org/ns/project-private/1">
    <editor-bookmarks xmlns="http://www.netbeans.org/ns/editor-bookmarks/2" lastBookmarkId="0"/>
    <open-files xmlns="http://www.netbeans.org/ns/projectui-open-files/2">
        <group>
            <file>file:/Users/apple/Desktop/SP2021-B1/MOB101-lab/MOB101Lab/src/Lab7/SInhVienIT.java</file>
            <file>file:/Users/apple/Desktop/SP2021-B1/MOB101-lab/MOB101Lab/src/Lab7/Lab7.java</file>
            <file>file:/Users/apple/Desktop/SP2021-B1/MOB101-lab/MOB101Lab/src/Lab7/InterfaceSinhVien.java</file>
            <file>file:/Users/apple/Desktop/SP2021-B1/MOB101-lab/MOB101Lab/src/Lab7/SinhVien.java</file>
            <file>file:/Users/apple/Desktop/SP2021-B1/MOB101-lab/MOB101Lab/src/Lab7/SinhVienBiz.java</file>
        </group>
    </open-files>
</project-private>
